record_id_i,redcap_event_name,redcap_postseries,redcap_survey_identifier,survey_unique_id,changes_made,years_in_practice,change_made,change_made_certainty,change_made_numerical
1,postseries_survey_arm_1,preseries_survey_arm_1,E2012-097,preseries_survey_arm_1E2012-097,,2,No,No,-1
2,postseries_survey_arm_1,preseries_survey_arm_1,E2014-066,preseries_survey_arm_1E2014-066,Treatment of uncomplicated Hep C patients,4,Yes,Yes,1
3,postseries_survey_arm_1,preseries_survey_arm_1,E2014-062,preseries_survey_arm_1E2014-062,Trying to recruit HCV patients at my clinic for treatment.,2,No,No,-1
4,postseries_survey_arm_1,preseries_survey_arm_1,E2014-065,preseries_survey_arm_1E2014-065,I have learned about more up to date treatment regimes that will help with my treatment of Hepatitis C.  I have learned the necessary screenings that I was not previous aware of needed for Hepatitis C patients.  I truly feel that I am better able to educate both my patients and my co-workers about Hepatitis C and its treatment.,4,No,Uncertain,-1
6,postseries_survey_arm_1,preseries_survey_arm_1,E2014-057,preseries_survey_arm_1E2014-057,I now have a flow from diagnosis to evaluation for treatment.,3,Yes,Yes,1
7,postseries_survey_arm_1,preseries_survey_arm_1,E2014-031,preseries_survey_arm_1E2014-031,The first round through the ECHO Hep C Series gave me baseline knowledge to begin to think about treating patients with Hep C myself; I have improved my skills to ready patients for treatment including having a better understanding of staging,3,No,Uncertain,-1
8,postseries_survey_arm_1,preseries_survey_arm_1,E2015-001,preseries_survey_arm_1E2015-001,,2,No,No,-1
9,postseries_survey_arm_1,preseries_survey_arm_1,E2012-089,preseries_survey_arm_1E2012-089,"Prior auth forms and routing improved, have an inhouse weekly discussion of what we learned in ECHO and how that applies to our pt s",4,Yes,Yes,1
10,postseries_survey_arm_1,preseries_survey_arm_1,E2015-002,preseries_survey_arm_1E2015-002,,2,No,No,-1
11,postseries_survey_arm_1,preseries_survey_arm_1,E2014-063,preseries_survey_arm_1E2014-063,,4,No,No,-1
12,postseries_survey_arm_1,preseries_survey_arm_1,E2015-008,preseries_survey_arm_1E2015-008,,2,No,No,-1
13,postseries_survey_arm_1,preseries_survey_arm_1,E2013-053,preseries_survey_arm_1E2013-053,feeling more confident in stratifying Hep C patients who should be treated. ,3,No,Uncertain,-1
14,postseries_survey_arm_1,preseries_survey_arm_1,E2014-056,preseries_survey_arm_1E2014-056,I am now treating several patients for Hep C and this is something I never would have done in the past.,3,Yes,Yes,1
15,postseries_survey_arm_1,preseries_survey_arm_1,E2014-059,preseries_survey_arm_1E2014-059,,3,No,No,-1
16,postseries_survey_arm_1,preseries_survey_arm_1,E2012-088,preseries_survey_arm_1E2012-088,a better treater,4,Yes,Uncertain,1
17,postseries_survey_arm_1,preseries_survey_arm_1,E2015-010,preseries_survey_arm_1E2015-010,working with a few uninsured patients to try to obtain hep c meds through industry and not refer to subspecialists,1,Yes,Yes,1
18,postseries_survey_arm_1,preseries_survey_arm_1,E2013-043,preseries_survey_arm_1E2013-043,"My HepC screening practices have changed; in addition to screening based on risk factors, I screen an age-based cohort (born 1945-1965).",2,Yes,Yes,1
23,postseries_survey_arm_1,preseries_survey_arm_1,E2014-007,preseries_survey_arm_1E2014-007,,1,No,No,-1
24,postseries_survey_arm_1,preseries_survey_arm_1,E2015-055,preseries_survey_arm_1E2015-055,Increased amount of patients treated for Hep C with new knowledge of accessing health care system/insurance,1,Yes,Yes,1
25,postseries_survey_arm_1,preseries_survey_arm_1,E2015-051,preseries_survey_arm_1E2015-051,Educating patients with Hepatitis C that treatment is available with rare side effects & ordering necessary tests for staging of disease & ordering labs necessary for medication approval.,2,Yes,Yes,1
27,postseries_survey_arm_1,preseries_survey_arm_1,E2015-048,preseries_survey_arm_1E2015-048,,4,No,No,-1
28,postseries_survey_arm_1,preseries_survey_arm_1,E2015-049,preseries_survey_arm_1E2015-049,"Created a Hep C clinic  Able to relay the PA process through a Specialty pharmacy  Refer patients to FibroScan rather than a Liver biopsy  Use of APRI  In Diabetic patients with Cirrhosis, pay attention to Lactic Acidosis  ",1,Yes,Yes,1
29,postseries_survey_arm_1,preseries_survey_arm_1,E2014-036,preseries_survey_arm_1E2014-036,I know which tests to order and what results mean and what next steps are,4,No,Uncertain,-1
30,postseries_survey_arm_1,preseries_survey_arm_1,E2015-030,preseries_survey_arm_1E2015-030,Testing more patients for Hepatitis C. Now have the ability to assess them and possibly continue their care at their medical home rather than refer them elsewhere. ,3,Yes,Yes,1
31,postseries_survey_arm_1,preseries_survey_arm_1,E2015-027,preseries_survey_arm_1E2015-027,screen and educate more,4,Yes,Yes,1
33,postseries_survey_arm_1,preseries_survey_arm_1,E2015-033,preseries_survey_arm_1E2015-033,,1,No,No,-1
34,postseries_survey_arm_1,preseries_survey_arm_1,E2015-031,preseries_survey_arm_1E2015-031,testing and beginning to treat  surveilance for hepatocellular carcinoma  collab w/ HepCatt,2,Yes,Yes,1
36,postseries_survey_arm_1,preseries_survey_arm_1,E2015-032,preseries_survey_arm_1E2015-032,I have started doing more fibroscans so I can better stage people's liver disease. ,1,Yes,Yes,1
38,postseries_survey_arm_1,preseries_survey_arm_1,E2012-014,preseries_survey_arm_1E2012-014,,4,No,No,-1
39,postseries_survey_arm_1,preseries_survey_arm_1,E2015-039,preseries_survey_arm_1E2015-039,,1,No,No,-1
40,postseries_survey_arm_1,preseries_survey_arm_1,E2015-040,preseries_survey_arm_1E2015-040,More comfortable evaluating and treating,4,No,Uncertain,-1
42,postseries_survey_arm_1,preseries_survey_arm_1,E2015-044,preseries_survey_arm_1E2015-044,Will be treating more patients with Hep C,2,No,No,-1
43,postseries_survey_arm_1,preseries_survey_arm_1,E2015-042,preseries_survey_arm_1E2015-042,Will be treating hep C,2,No,No,-1
44,postseries_survey_arm_1,preseries_survey_arm_1,E2015-041,preseries_survey_arm_1E2015-041,,1,No,No,-1
45,postseries_survey_arm_1,preseries_survey_arm_1,E2013-021,preseries_survey_arm_1E2013-021,,2,No,No,-1
46,postseries_survey_arm_1,preseries_survey_arm_1,E2015-043,preseries_survey_arm_1E2015-043,Keep on screening and looking to get started in treating. ,4,No,No,-1
49,postseries_survey_arm_1,preseries_survey_arm_1,E2015-057,preseries_survey_arm_1E2015-057,,4,No,No,-1
50,postseries_survey_arm_1,preseries_survey_arm_1,E2015-063,preseries_survey_arm_1E2015-063,,1,No,No,-1
51,postseries_survey_arm_1,preseries_survey_arm_1,E2015-065,preseries_survey_arm_1E2015-065,,3,No,No,-1
52,postseries_survey_arm_1,preseries_survey_arm_1,E2015-064,preseries_survey_arm_1E2015-064,"it was great, don't change a thing!",3,No,Uncertain,-1
55,postseries_survey_arm_1,preseries_survey_arm_1,E2015-075,preseries_survey_arm_1E2015-075,,1,No,No,-1
56,postseries_survey_arm_1,preseries_survey_arm_1,E2015-076,preseries_survey_arm_1E2015-076,"as a fellow-in-training that will be leaving Chicago, I have not been able to take on patients myself yet. but, I plan to do so in my new practice.",1,No,No,-1
58,postseries_survey_arm_1,preseries_survey_arm_1,E2015-089,preseries_survey_arm_1E2015-089,I have started the treatment for chronic HCV.,4,Yes,Yes,1
59,postseries_survey_arm_1,preseries_survey_arm_1,E2015-062,preseries_survey_arm_1E2015-062,I feel much more comfortable with the resources now available and treating patients with Hep C. In the past I would just refer patients to a specialist. ,2,Yes,Uncertain,1
61,postseries_survey_arm_1,preseries_survey_arm_1,E2015-077,preseries_survey_arm_1E2015-077,"More confident dx, staging and starting treatment for pts",3,No,Uncertain,-1
62,postseries_survey_arm_1,preseries_survey_arm_1,E2013-063,preseries_survey_arm_1E2013-063,"Screen for Hepatitis C knowing that I can make appropriate decisions to manage their care, without automatic referral to specialists.",2,No,Uncertain,-1
64,postseries_survey_arm_1,preseries_survey_arm_1,E2015-091,preseries_survey_arm_1E2015-091,"I know what labs/imaging studies to order, and what the general strategy is in evaluating/treating Hep C. I still anticipate difficulty in getting actual antiviral treatment. I can at least strongly advocate stopping EtOH, and follow the patients until the medications are more widely available. ",4,No,No,-1
65,postseries_survey_arm_1,preseries_survey_arm_1,E2014-043,preseries_survey_arm_1E2014-043,,4,No,No,-1
70,postseries_survey_arm_1,preseries_survey_arm_1,E2015-102,preseries_survey_arm_1E2015-102,Knowledge of what to do when pt is hep C + instead of instant referral.,4,No,Yes,-1
71,postseries_survey_arm_1,preseries_survey_arm_1,E2015-104,preseries_survey_arm_1E2015-104,I will be able to treat a patient with Hep C,4,No,No,-1
74,postseries_survey_arm_1,preseries_survey_arm_1,E2015-108,preseries_survey_arm_1E2015-108,I have stopped routinely referring patients with Hep C to specialists; I am also screening for Hep C more often and appropriately,2,Yes,Yes,1
75,postseries_survey_arm_1,preseries_survey_arm_1,E2015-103,preseries_survey_arm_1E2015-103,I now feel comfortable treating hep C,1,No,Uncertain,-1
76,postseries_survey_arm_1,preseries_survey_arm_1,E2016-001,preseries_survey_arm_1E2016-001,i am now treating people living with HCV for hepatitis C,4,Yes,Yes,1
77,postseries_survey_arm_1,preseries_survey_arm_1,E2015-111,preseries_survey_arm_1E2015-111,.....,4,No,No,-1
78,postseries_survey_arm_1,preseries_survey_arm_1,E2012-078,preseries_survey_arm_1E2012-078,better knowledge,4,No,No,-1
79,postseries_survey_arm_1,preseries_survey_arm_1,E2016-018,preseries_survey_arm_1E2016-018,Expect to use ECHO resources in future ,4,No,No,-1
80,postseries_survey_arm_1,preseries_survey_arm_1,E2016-024,preseries_survey_arm_1E2016-024,more aggressive in treating co-infection. ,1,Yes,Yes,1
82,postseries_survey_arm_1,preseries_survey_arm_1,E2015-047,preseries_survey_arm_1E2015-047,better HepC care and monitoring before and after tx,2,Yes,Uncertain,1
84,postseries_survey_arm_1,preseries_survey_arm_1,E2016-029,preseries_survey_arm_1E2016-029,being more aggressive about initiating tx.   ,3,Yes,Yes,1
89,postseries_survey_arm_1,preseries_survey_arm_1,E2016-042,preseries_survey_arm_1E2016-042,"increased screening, better able to train other staff to screen and discuss hep c with pts, better able to connect to care with +hep c pt and better able to follow up, explain why f/u is needed",3,Yes,Yes,1
90,postseries_survey_arm_1,preseries_survey_arm_1,E2016-023,preseries_survey_arm_1E2016-023,more confident in managing HCV ,2,No,Uncertain,-1
93,postseries_survey_arm_1,preseries_survey_arm_1,E2016-014,preseries_survey_arm_1E2016-014,Treating hep c patients,2,Yes,Yes,1
95,postseries_survey_arm_1,preseries_survey_arm_1,E2016-020,preseries_survey_arm_1E2016-020,More mindful as I'm assessing risk factors and psychological impacts of social stressors,1,No,Uncertain,-1
98,postseries_survey_arm_1,preseries_survey_arm_1,E2016-049,preseries_survey_arm_1E2016-049,No comment ,1,No,No,-1
102,postseries_survey_arm_1,preseries_survey_arm_1,E2016-079,preseries_survey_arm_1E2016-079,I have become more confident in the treatment of hep C,2,No,Uncertain,-1
103,postseries_survey_arm_1,preseries_survey_arm_1,E2016-081,preseries_survey_arm_1E2016-081,No longer referring patients to ID or GI for treatment unless complicated.,2,Yes,Yes,1
105,postseries_survey_arm_1,preseries_survey_arm_1,E2016-076,preseries_survey_arm_1E2016-076,.......,2,No,No,-1
107,postseries_survey_arm_1,preseries_survey_arm_1,E2016-002,preseries_survey_arm_1E2016-002,started to order blood tests besides referring out immediately to GI or ID.  utilized fibrosure/scores.  ,2,Yes,Yes,1
109,postseries_survey_arm_1,preseries_survey_arm_1,E2016-088,preseries_survey_arm_1E2016-088,"increased HCV screening, more counseling about treatment options for patients with chronic HepC, ",3,Yes,Yes,1
110,postseries_survey_arm_1,preseries_survey_arm_1,E2016-087,preseries_survey_arm_1E2016-087,I will be letting other providers in my clinic branch know how to screen for Hep C.  And then those patients with Hep C I will see them and evaluate if they are appropriate for treatment and will manage with the help of ECHO providers. ,2,No,No,-1
112,postseries_survey_arm_1,preseries_survey_arm_1,E2016-090,preseries_survey_arm_1E2016-090,"List of new medication and there interaction, specifically the Liverpool web site",4,No,Uncertain,-1
113,postseries_survey_arm_1,preseries_survey_arm_1,E2016-093,preseries_survey_arm_1E2016-093,We are approaching prior authorization with greater confidence that we have done all that our patients need to get their needed medications,2,No,Uncertain,-1
115,postseries_survey_arm_1,preseries_survey_arm_1,E2016-072,preseries_survey_arm_1E2016-072,Increase screening and ordering more specific labs.,1,Yes,Yes,1
116,postseries_survey_arm_1,preseries_survey_arm_1,E2016-092,preseries_survey_arm_1E2016-092,I finally have the confidence to treat Hep C instead of referring to specialists ,1,No,Uncertain,-1
117,postseries_survey_arm_1,preseries_survey_arm_1,E2016-073,preseries_survey_arm_1E2016-073,Able to better screen,2,No,Uncertain,-1
119,postseries_survey_arm_1,preseries_survey_arm_1,E2016-071,preseries_survey_arm_1E2016-071,Better care (diagnosis/evaluation/monitoring) of patients with Hep C.,1,Yes,Uncertain,1
120,postseries_survey_arm_1,preseries_survey_arm_1,,preseries_survey_arm_1,,3,No,No,-1
123,postseries_survey_arm_1,preseries_survey_arm_1,E2016-069,preseries_survey_arm_1E2016-069,N/a,3,No,No,-1
124,postseries_survey_arm_1,preseries_survey_arm_1,E2013-040,preseries_survey_arm_1E2013-040,appropriate evaluation for hepatitis C,3,Yes,Uncertain,1
127,postseries_survey_arm_1,preseries_survey_arm_1,E2016-114,preseries_survey_arm_1E2016-114,1) I have started staging liver disease by checking fibrosure (and will order fibroscans).  2) I have started checking Hep C genotypes  3) I have been also checking APRIs  4) I plan on treating Hep C as well,1,Yes,Yes,1
129,postseries_survey_arm_1,preseries_survey_arm_1,E2016-100,preseries_survey_arm_1E2016-100,Change in the way I diagnose and manage affected patients.,2,Yes,Uncertain,1
130,postseries_survey_arm_1,preseries_survey_arm_1,E2016-120,preseries_survey_arm_1E2016-120,"How to stage and evaluate patients, beginning to increase knowledge about meds used, ideas about substance abuse and ETOH complicating factors, ",4,No,Uncertain,-1
131,postseries_survey_arm_1,preseries_survey_arm_1,E2016-099,preseries_survey_arm_1E2016-099,More knowledgable and confident in addressing and treating Hep C,2,No,Uncertain,-1
132,postseries_survey_arm_1,preseries_survey_arm_1,E2016-113,preseries_survey_arm_1E2016-113,"I'm screening more, but find it very difficult having to obtain meds.  ",2,Yes,Yes,1
133,postseries_survey_arm_1,preseries_survey_arm_1,E2016-140,preseries_survey_arm_1E2016-140,increased personal knowledge,1,No,No,-1
134,postseries_survey_arm_1,preseries_survey_arm_1,E2016-139,preseries_survey_arm_1E2016-139,None at the moment ,3,No,No,-1
135,postseries_survey_arm_1,preseries_survey_arm_1,E2016-117,preseries_survey_arm_1E2016-117,"Haven't made specific changes yet, but looking forward to implement what I learned if there will be an unfortunate patient that comes along...",4,No,No,-1
136,postseries_survey_arm_1,preseries_survey_arm_1,E2016-141,preseries_survey_arm_1E2016-141,"Worked with infectious disease physician to design program for utilizing the community pharmacist at NAH to take active role in follow up, PA submission, and care of HepC patients.",3,Yes,Yes,1
137,postseries_survey_arm_1,preseries_survey_arm_1,E2016-118,preseries_survey_arm_1E2016-118,Being more careful in selecting patients for screening for Hepatitis,2,Yes,Yes,1
138,postseries_survey_arm_1,preseries_survey_arm_1,E2016-148,preseries_survey_arm_1E2016-148,I do better work up for hep c,1,Yes,Yes,1
139,postseries_survey_arm_1,preseries_survey_arm_1,E2016-150,preseries_survey_arm_1E2016-150,"I am screening more patients, and I am learning to test for Fibrosure, Genotype, and viral load.",4,Yes,Yes,1
140,postseries_survey_arm_1,preseries_survey_arm_1,E2016-157,preseries_survey_arm_1E2016-157,Awareness of the problem and available options and treatments ,2,No,No,-1
142,postseries_survey_arm_1,preseries_survey_arm_1,E2016-165,preseries_survey_arm_1E2016-165,I have started to collect and self manage patient cases of hep c with the hopes of incorporating a hep c clinic within our suboxone clinic ,2,Yes,Yes,1
143,postseries_survey_arm_1,preseries_survey_arm_1,E2016-162,preseries_survey_arm_1E2016-162,,4,No,No,-1
144,postseries_survey_arm_1,preseries_survey_arm_1,E2016-151,preseries_survey_arm_1E2016-151, - Increased patient screening using HCV-specific testing  - Discussions with colleagues regarding increased screening  - Confidence in managing HCV patients  - Assurance knowing when to ask for help from other providers,1,Yes,Yes,1
145,postseries_survey_arm_1,preseries_survey_arm_1,E2016-167,preseries_survey_arm_1E2016-167,I am better able to discuss the benefits of treatment with substance abusing patients.,4,Yes,Uncertain,1
147,postseries_survey_arm_1,preseries_survey_arm_1,E2016-123,preseries_survey_arm_1E2016-123,I am more adept at screening for hep C,2,Yes,Uncertain,1
148,postseries_survey_arm_1,preseries_survey_arm_1,E2016-170,preseries_survey_arm_1E2016-170,none,4,No,No,-1
149,postseries_survey_arm_1,preseries_survey_arm_1,E2016-179,preseries_survey_arm_1E2016-179,Started evaluating patients for treatment of Hep C and preparing to prescribe medications,2,No,No,-1
150,postseries_survey_arm_1,preseries_survey_arm_1,E2016-166,preseries_survey_arm_1E2016-166,Started treating Hep C patientsw,1,Yes,Yes,1
151,postseries_survey_arm_1,preseries_survey_arm_1,E2016-187,preseries_survey_arm_1E2016-187,working on creating a hep c clinic,1,Yes,Yes,1
153,postseries_survey_arm_1,preseries_survey_arm_1,E2016-186,preseries_survey_arm_1E2016-186,We are currently working to create and implement our own HepC protocol,3,Yes,Yes,1
154,postseries_survey_arm_1,preseries_survey_arm_1,E2016-164,preseries_survey_arm_1E2016-164,"1. I get to ask more appropriate and important questions in the history taking when I encounter a Hep C case now.  2. I have a now focused exam when I do my physical exam in a Hep C case.  3. I am more confident in explaining about the condition, and explaining about possible intervention and therapy.",4,Yes,Yes,1
156,postseries_survey_arm_1,preseries_survey_arm_1,E2016-163,preseries_survey_arm_1E2016-163,NONE AS OF YET.,4,No,No,-1
157,postseries_survey_arm_1,preseries_survey_arm_1,E2016-189,preseries_survey_arm_1E2016-189,More actively moved ahead with applying for medication despite the obstacles to treatment access.  Educated patients about treatment (more adeptly).  Encouraged patients to request treatment.  Changed ART on a couple of patients to prepare for treatment of HCV to avoid drug-drug interactions.  Scheduled a pt for EGD.  Worked with colleagues to expand capacity (baby steps). Requested more clinic time in our system.,4,Yes,Yes,1
158,postseries_survey_arm_1,preseries_survey_arm_1,E2016-190,preseries_survey_arm_1E2016-190,"Being more vigilant about persons who qualify for treatment, and more competent at advocating for getting the treatment paid for.",2,Yes,Yes,1
160,postseries_survey_arm_1,preseries_survey_arm_1,E2016-147,preseries_survey_arm_1E2016-147,"Now, I feel I can treat the patients with compensated liver cirrhosis patients suffering from Hep C",4,No,No,-1
161,postseries_survey_arm_1,preseries_survey_arm_1,E2016-197,preseries_survey_arm_1E2016-197,Have set up Hepatitis C sub-clinic within our practice to treat patients in our agency with Hep C,4,Yes,Yes,1
162,postseries_survey_arm_1,preseries_survey_arm_1,E2016-203,preseries_survey_arm_1E2016-203,"I am beginning to initiate screening and treatment for HCV patients at the health dept. We are working on protocols for screening and referring HCV + patients to me. I am already known as an ""expert"" in HCV treatment after taking this class. I am very excited for this opportunity! Thank you!",4,Yes,Yes,1
163,postseries_survey_arm_1,preseries_survey_arm_1,E2016-200,preseries_survey_arm_1E2016-200,Increased screening. ,2,Yes,Yes,1
164,postseries_survey_arm_1,preseries_survey_arm_1,E2016-201,preseries_survey_arm_1E2016-201,I have tried to implement more of the case management utilizing HepCCATT and bringing patients into care. It's been great providing treatment for coinfected patients who previously were referred to a university setting. ,2,No,Uncertain,-1
165,postseries_survey_arm_1,preseries_survey_arm_1,E2016-202,preseries_survey_arm_1E2016-202,I plan to screen and treat for Hepatitis C in my practice,4,No,No,-1
166,postseries_survey_arm_1,preseries_survey_arm_1,E2016-204,preseries_survey_arm_1E2016-204,Increased screening and confidence in tx plans,1,Yes,Yes,1
167,postseries_survey_arm_1,preseries_survey_arm_1,E2016-207,preseries_survey_arm_1E2016-207,More screening for Hep C.  ,1,Yes,Yes,1
168,postseries_survey_arm_1,preseries_survey_arm_1,E2016-205,preseries_survey_arm_1E2016-205,I screen for Hep C Ab and ordered the required work up; also feel more equipped to discuss the diagnosis with hep c patient and to prepare them for what to expect ,1,No,Uncertain,-1
169,postseries_survey_arm_1,preseries_survey_arm_1,E2016-206,preseries_survey_arm_1E2016-206,how to work up hep c,2,No,Uncertain,-1
170,postseries_survey_arm_1,preseries_survey_arm_1,E2016-199,preseries_survey_arm_1E2016-199,Increased screening.  Too soon to tell on the treatment and manage facet,1,Yes,Yes,1
171,postseries_survey_arm_1,preseries_survey_arm_1,E2016-208,preseries_survey_arm_1E2016-208,"Pay more attention to screening appropriate patients, have some direction on management of Hep C patients.",2,Yes,Yes,1
172,postseries_survey_arm_1,preseries_survey_arm_1,E2016-198,preseries_survey_arm_1E2016-198,The ECHO series has made me more knowledgeable as a health care professional with clinical terms and testing needed in order to get approval from insurance plans. ,1,No,No,-1
173,postseries_survey_arm_1,preseries_survey_arm_1,E2016-209,preseries_survey_arm_1E2016-209,I have been paying for attention to patients not being testing for Hep C who fit in the cohort and see what is stopping the doctor from ordering. ,1,Yes,Yes,1
174,postseries_survey_arm_1,preseries_survey_arm_1,E2016-064,preseries_survey_arm_1E2016-064,,4,No,No,-1
175,postseries_survey_arm_1,preseries_survey_arm_1,E2016-211,preseries_survey_arm_1E2016-211,"I'm more aware and proactive in discussing cases with attending MD especially for Hep C cases and sharing my knowledge and making them aware that there are available resources and  specialist like University of Chicago,Stroger hospital who can help our patients in getting treatment",4,Yes,Yes,1
176,postseries_survey_arm_1,preseries_survey_arm_1,E2016-060,preseries_survey_arm_1E2016-060,,3,No,No,-1
177,postseries_survey_arm_1,preseries_survey_arm_1,E2016-149,preseries_survey_arm_1E2016-149,More confident on starting treatment with new Hep C patients as well as long term care and testing   ,2,No,No,-1
178,postseries_survey_arm_1,preseries_survey_arm_1,E2016-217,preseries_survey_arm_1E2016-217,Stronger confidence in recommendations,3,No,No,-1
179,postseries_survey_arm_1,preseries_survey_arm_1,E2016-218,preseries_survey_arm_1E2016-218,none,1,No,No,-1
180,postseries_survey_arm_1,preseries_survey_arm_1,E2016-221,preseries_survey_arm_1E2016-221,"I can appropriately work-up, treat, and have an avenue for consult for Hep C. This is an amazing foundation as a way for primary care doctors to provide as many services at a high level as possible. An incredible model, well-implemented.",4,Yes,Yes,1
181,postseries_survey_arm_1,preseries_survey_arm_1,E2016-215,preseries_survey_arm_1E2016-215,"I know have a better understanding of labs to check, mgmt of HCV, and  tx for HCV",1,No,Uncertain,-1
182,postseries_survey_arm_1,preseries_survey_arm_1,E2016-028,preseries_survey_arm_1E2016-028,improved explanation to my patients,2,Yes,Yes,1
183,postseries_survey_arm_1,preseries_survey_arm_1,E2016-106,preseries_survey_arm_1E2016-106,Feel more comfortable with Hep C patients and knowing what next steps to take,1,No,Uncertain,-1
184,postseries_survey_arm_1,preseries_survey_arm_1,E2016-214,preseries_survey_arm_1E2016-214,still working on that. ,1,No,No,-1
185,postseries_survey_arm_1,preseries_survey_arm_1,E2016-137,preseries_survey_arm_1E2016-137,more confidence with hep c patients. ,3,No,No,-1
186,postseries_survey_arm_1,preseries_survey_arm_1,E2016-236,preseries_survey_arm_1E2016-236,/,4,No,No,-1
187,postseries_survey_arm_1,preseries_survey_arm_1,E2017-003,preseries_survey_arm_1E2017-003,More able to educate and counsel patients with questions,3,No,No,-1
188,postseries_survey_arm_1,preseries_survey_arm_1,E2017-004,preseries_survey_arm_1E2017-004,Increased willingness/confidence to treat Hep C patients,4,No,Uncertain,-1
189,postseries_survey_arm_1,preseries_survey_arm_1,E2017-005,preseries_survey_arm_1E2017-005,We are creating a HepC clinic,2,Yes,Yes,1
190,postseries_survey_arm_1,preseries_survey_arm_1,E2016-220,preseries_survey_arm_1E2016-220,Been more aware of the patient population that I need to screen for as well as how to initially manage patients. I would like to be better about qualifying patients for treatment -- navigating through insurance is still something I'm not confident about.,1,No,Uncertain,-1
191,postseries_survey_arm_1,preseries_survey_arm_1,E2016-213,preseries_survey_arm_1E2016-213,Increased screening for hep C,1,Yes,Yes,1
192,postseries_survey_arm_1,preseries_survey_arm_1,E2017-008,preseries_survey_arm_1E2017-008,Feel  more comfortable initiating medication now and feel like I can better navigate coverage somewhat. ,2,No,Uncertain,-1
193,postseries_survey_arm_1,preseries_survey_arm_1,E2012-081,preseries_survey_arm_1E2012-081,My frequency of screening for hep C has increased and I feel more confident and attempting to treat patients.,4,Yes,Yes,1
194,postseries_survey_arm_1,preseries_survey_arm_1,E2016-237,preseries_survey_arm_1E2016-237,Have initiated treatment for 2 patients diagnosed with Hep C,1,Yes,Yes,1
195,postseries_survey_arm_1,preseries_survey_arm_1,E2017-017,preseries_survey_arm_1E2017-017,Looking to start treatment but haven't yet. ,2,No,No,-1
196,postseries_survey_arm_1,preseries_survey_arm_1,E2017-010,preseries_survey_arm_1E2017-010,I feel more comfortable treating,1,No,Uncertain,-1
197,postseries_survey_arm_1,preseries_survey_arm_1,E2017-006,preseries_survey_arm_1E2017-006,I feel markedly more comfortable treating hepatitis C and hope to start very soon! ,3,No,No,-1
198,postseries_survey_arm_1,preseries_survey_arm_1,E2017-007,preseries_survey_arm_1E2017-007,,2,No,No,-1
199,postseries_survey_arm_1,preseries_survey_arm_1,E2017-025,preseries_survey_arm_1E2017-025,screening most vulnerable patient,2,Yes,Yes,1
200,postseries_survey_arm_1,preseries_survey_arm_1,E2017-023,preseries_survey_arm_1E2017-023,feel  more comfortable educating patients,3,No,No,-1
201,postseries_survey_arm_1,preseries_survey_arm_1,E2017-042,preseries_survey_arm_1E2017-042,I have started treating hep c rather than asking a colleague to take the patient for treatment.,4,Yes,Yes,1
202,postseries_survey_arm_1,preseries_survey_arm_1,E2016-216,preseries_survey_arm_1E2016-216,better pt education when doing fibroscans,1,Yes,Yes,1
203,postseries_survey_arm_1,preseries_survey_arm_1,E2016-225,preseries_survey_arm_1E2016-225,,1,No,No,-1
204,postseries_survey_arm_1,preseries_survey_arm_1,E2016-224,preseries_survey_arm_1E2016-224,,4,No,No,-1
205,postseries_survey_arm_1,preseries_survey_arm_1,E2016-222,preseries_survey_arm_1E2016-222,Being able to select meds for treatment of Hep C. Encouraged to train to learn about using a Fibroscan at our clinic site to improve access to pts in need.,4,Yes,Yes,1
206,postseries_survey_arm_1,preseries_survey_arm_1,E2017-048,preseries_survey_arm_1E2017-048,just more knowledge of current Hepatitis C practice,1,No,No,-1
207,postseries_survey_arm_1,preseries_survey_arm_1,E2017-046,preseries_survey_arm_1E2017-046,Will start to engage patients with HepC and make them aware of current treatment options. ,3,No,No,-1
208,postseries_survey_arm_1,preseries_survey_arm_1,E2017-024,preseries_survey_arm_1E2017-024,The selection of a broader range of therapies,4,No,Uncertain,-1
209,postseries_survey_arm_1,preseries_survey_arm_1,E2017-002,preseries_survey_arm_1E2017-002,I am working towards treating my first patient with hepatitis c,1,No,No,-1
210,postseries_survey_arm_1,preseries_survey_arm_1,E2016-223,preseries_survey_arm_1E2016-223,x,4,No,No,-1
211,postseries_survey_arm_1,preseries_survey_arm_1,E2017-044,preseries_survey_arm_1E2017-044,"I am learning the process of treating on my own, the help from the case presentaiton was also invaluable",2,No,No,-1
212,postseries_survey_arm_1,preseries_survey_arm_1,E2017-047,preseries_survey_arm_1E2017-047,n/a,1,No,No,-1
213,postseries_survey_arm_1,preseries_survey_arm_1,E2017-009,preseries_survey_arm_1E2017-009,NA,1,No,No,-1
214,postseries_survey_arm_1,preseries_survey_arm_1,E2016-155,preseries_survey_arm_1E2016-155,"better screening for hep c, and more competent initial workup.       Not sure we have all of the resources to fully treat, but will determine this over next 6 months.",4,Yes,Yes,1
215,postseries_survey_arm_1,preseries_survey_arm_1,E2017-056,preseries_survey_arm_1E2017-056,Offered patients information on hotlines to help with quitting smoking,1,Yes,Yes,1
216,postseries_survey_arm_1,preseries_survey_arm_1,E2017-015,preseries_survey_arm_1E2017-015, -screening more,1,Yes,Yes,1
217,postseries_survey_arm_1,preseries_survey_arm_1,E2017-061,preseries_survey_arm_1E2017-061,Preparing to treat some patients for Hep C.,2,No,No,-1
218,postseries_survey_arm_1,preseries_survey_arm_1,E2017-062,preseries_survey_arm_1E2017-062,Started treating patients with Hep C,4,Yes,Yes,1
219,postseries_survey_arm_1,preseries_survey_arm_1,E2017-060,preseries_survey_arm_1E2017-060,Hep C screening. I have not yet had the opportunity to begin hep c treatment in any of my patients but I now feel competent to treat these patients in the future ,1,Yes,Yes,1
220,postseries_survey_arm_1,preseries_survey_arm_1,E2017-064,preseries_survey_arm_1E2017-064,Plan to implement a hep C clinic to treat our pts with hep c.,4,No,No,-1
221,postseries_survey_arm_1,preseries_survey_arm_1,E2017-066,preseries_survey_arm_1E2017-066,I have not yet implemented changes,3,No,No,-1
222,postseries_survey_arm_1,preseries_survey_arm_1,E2017-043,preseries_survey_arm_1E2017-043,Starting to treat Hep C patients rather than send them to a specialist when appropriate and teaching the residents how to treat patients with Hep C.,1,Yes,Yes,1
226,postseries_survey_arm_1,preseries_survey_arm_1,E2017-063,preseries_survey_arm_1E2017-063,Expanding the work up for Hep C patients initially. ,4,Yes,Yes,1
227,postseries_survey_arm_1,preseries_survey_arm_1,E2017-085,preseries_survey_arm_1E2017-085, - Monitoring of HCV treatment that was initiated by hepatology   - Motivating and preparing patients for HCV treatment   - Increased familiarity with pre-treatment requirements of managed care plans  ,1,No,No,-1
228,postseries_survey_arm_1,preseries_survey_arm_1,E2017-106,preseries_survey_arm_1E2017-106,No comment ,1,No,No,-1
229,postseries_survey_arm_1,preseries_survey_arm_1,E2017-111,preseries_survey_arm_1E2017-111,"I have been more active in getting patients to have their follow up testing. I haven't started treating anyone yet, but I plan to as soon as someone has a positive viral load.",4,Yes,Yes,1
230,postseries_survey_arm_1,preseries_survey_arm_1,E2017-115,preseries_survey_arm_1E2017-115,Have started the process on seeing which patients are eligible for Hep C treatment,2,Yes,Uncertain,1
231,postseries_survey_arm_1,preseries_survey_arm_1,E2017-113,preseries_survey_arm_1E2017-113,Confident in treating Hep C patients,2,No,No,-1
234,postseries_survey_arm_1,preseries_survey_arm_1,E2017-116,preseries_survey_arm_1E2017-116,Additional staging work-up,2,Yes,Yes,1
235,postseries_survey_arm_1,preseries_survey_arm_1,E2017-107,preseries_survey_arm_1E2017-107,Im actually doing the work up and starting treatment.,4,Yes,Yes,1
236,postseries_survey_arm_1,preseries_survey_arm_1,E2017-119,preseries_survey_arm_1E2017-119,I have started ordering he correct labs for hcv treatment ,2,Yes,Yes,1
237,postseries_survey_arm_1,preseries_survey_arm_1,E2017-122,preseries_survey_arm_1E2017-122,Treating Hep C,2,Yes,Yes,1
238,postseries_survey_arm_1,preseries_survey_arm_1,E2017-117,preseries_survey_arm_1E2017-117,Pushing treatment as opposed to referring hep c pts out. Some collaborators are reluctant to start treatment.   The biggest hurdle: I'm a one man show,1,No,Uncertain,-1
239,postseries_survey_arm_1,preseries_survey_arm_1,E2017-118,preseries_survey_arm_1E2017-118,Hepatitis C management,1,No,Uncertain,-1
240,postseries_survey_arm_1,preseries_survey_arm_1,E2017-121,preseries_survey_arm_1E2017-121,"I follow guidelines for screening. now I can stage , and have learned how to  access and use the info at hcvguidelines.org. I will continue to refer my hcv patients to ID and GI , as they are available and have considerably more expertise in this field. ",4,No,No,-1
241,postseries_survey_arm_1,preseries_survey_arm_1,E2017-123,preseries_survey_arm_1E2017-123,order fibro scans,3,Yes,Yes,1
242,postseries_survey_arm_1,preseries_survey_arm_1,E2017-124,preseries_survey_arm_1E2017-124,I have collaborated with other providers to let them know the patient assistance opportunities for our patients.,4,Yes,Yes,1
244,postseries_survey_arm_1,preseries_survey_arm_1,E2017-125,preseries_survey_arm_1E2017-125,n/a,1,No,No,-1
245,postseries_survey_arm_1,preseries_survey_arm_1,E2017-126,preseries_survey_arm_1E2017-126,"I am better equipped to diagnosed, treat, and follow up on patients with hepatitis C. ",2,No,Uncertain,-1
246,postseries_survey_arm_1,preseries_survey_arm_1,E2017-128,preseries_survey_arm_1E2017-128,I will not be making changes but they definitely did provide me confidence in areas of hepatitis C treatment ,2,No,No,-1
247,postseries_survey_arm_1,preseries_survey_arm_1,E2017-127,preseries_survey_arm_1E2017-127,the tx process is improved ,4,Yes,Uncertain,1
248,postseries_survey_arm_1,preseries_survey_arm_1,E2017-130,preseries_survey_arm_1E2017-130,proactively screen for and treat hepatitis cases in  office rather than refer out,4,Yes,Yes,1
249,postseries_survey_arm_1,preseries_survey_arm_1,E2017-129,preseries_survey_arm_1E2017-129,"I have been able to treat 2 people for Hepatitis C! My patients are all extremely poor, and it's such a great feeling to be able to help them obtain and afford treatment.",1,Yes,Yes,1
250,postseries_survey_arm_1,preseries_survey_arm_1,E2013-064,preseries_survey_arm_1E2013-064,have started working up pts for hep C treatment,3,Yes,Yes,1
251,postseries_survey_arm_1,preseries_survey_arm_1,E2017-143,preseries_survey_arm_1E2017-143,learning how to provide hep c care,2,No,No,-1
252,postseries_survey_arm_1,preseries_survey_arm_1,E2017-148,preseries_survey_arm_1E2017-148,"In submissions of Prior Authorizations to include helpful information that may assist in approval of my case. Limit  the release of providers chart notes specifically if conversation is noted regarding things that may cause a denial of a claim. Have providers check viral loads more often before, during and after treatment. ",4,Yes,Yes,1
253,postseries_survey_arm_1,preseries_survey_arm_1,E2017-131,preseries_survey_arm_1E2017-131,n/a,4,No,No,-1
254,postseries_survey_arm_1,preseries_survey_arm_1,E2017-147,preseries_survey_arm_1E2017-147,"Increased my ability to get prior authorization approved through insurance company with my increased knowledge of signs of cirrhosis. Also, increased my knowledge of specific patient counseling points to stress especially relating to follow up after treatment is complete.",3,No,Uncertain,-1
255,postseries_survey_arm_1,preseries_survey_arm_1,E2017-151,preseries_survey_arm_1E2017-151,I plan to begin to treat uncomplicated HCV cases with the help of colleagues,2,No,No,-1
256,postseries_survey_arm_1,preseries_survey_arm_1,E2017-144,preseries_survey_arm_1E2017-144,"More on topic of labs to order to diagnose Hep C, medication and management ",1,No,Uncertain,-1
257,postseries_survey_arm_1,preseries_survey_arm_1,E2017-149,preseries_survey_arm_1E2017-149,Much more secure in the diagnosis and treatment of HepC in my clinical setting  ,3,No,Uncertain,-1
258,postseries_survey_arm_1,preseries_survey_arm_1,E2017-173,preseries_survey_arm_1E2017-173,Hep c work up,2,Yes,Uncertain,1
259,postseries_survey_arm_1,preseries_survey_arm_1,E2017-176,preseries_survey_arm_1E2017-176,n/a,4,No,No,-1
260,postseries_survey_arm_1,preseries_survey_arm_1,E2014-016,preseries_survey_arm_1E2014-016,Improved management and care of patients with chronic conditions ,0,Yes,Yes,1
261,postseries_survey_arm_1,preseries_survey_arm_1,E2017-177,preseries_survey_arm_1E2017-177,"I hadn't been treating HCV before, now feel much more confident.",0,Yes,Yes,1
262,postseries_survey_arm_1,preseries_survey_arm_1,E2017-156,preseries_survey_arm_1E2017-156,I have the intention of continuing to screen all eligible patients and treat those that are currently not wanting treatment due to lack of resources to get to a specialists office. ,0,No,No,-1
264,postseries_survey_arm_1,preseries_survey_arm_1,E2017-188,preseries_survey_arm_1E2017-188,"encouraged more screenings, Provide guidance on prescribing.",0,Yes,Yes,1
265,postseries_survey_arm_1,preseries_survey_arm_1,E2017-168,preseries_survey_arm_1E2017-168,I have learned about more resources for HepC management. I'm also working with our team to improve our case management organization.,0,Yes,Yes,1
266,postseries_survey_arm_1,preseries_survey_arm_1,E2017-190,preseries_survey_arm_1E2017-190,Start treating patients instead of referring. ,0,Yes,Yes,1
267,postseries_survey_arm_1,preseries_survey_arm_1,E2016-068,preseries_survey_arm_1E2016-068,screening and management for Hepatitis C patients,0,Yes,Uncertain,1
268,postseries_survey_arm_1,preseries_survey_arm_1,E2017-193,preseries_survey_arm_1E2017-193,I have time constraints with patients given the amount of patients that I have to see in 1 day and their complexity.,0,No,No,-1
269,postseries_survey_arm_1,preseries_survey_arm_1,E2017-197,preseries_survey_arm_1E2017-197,We are getting closer to starting treatment and I feel confident I have the ability to treat and know where to ask for help and when I need to ask for help which is always great when starting something new.,0,No,No,-1
270,postseries_survey_arm_1,preseries_survey_arm_1,E2017-200,preseries_survey_arm_1E2017-200,When to refer patient for more specialized care and what community resources are available for pt. How to manage patients with cirrhosis ,0,Yes,Yes,1
271,postseries_survey_arm_1,preseries_survey_arm_1,E2017-201,preseries_survey_arm_1E2017-201,I now know what needs to be evaluated in patients diagnosed with hep c to determine if treatment is warranted,0,Yes,Uncertain,1
272,postseries_survey_arm_1,preseries_survey_arm_1,E2017-198,preseries_survey_arm_1E2017-198,Increased screening of HCV to identify untreated patients with HCV.,0,Yes,Yes,1
273,postseries_survey_arm_1,preseries_survey_arm_1,E2017-202,preseries_survey_arm_1E2017-202,Managing hep C patients myself,0,Yes,Yes,1
274,postseries_survey_arm_1,preseries_survey_arm_1,E2018-057,preseries_survey_arm_1E2018-057,discussed specific patients with Hep C with my colleagues,0,No,No,-1
275,postseries_survey_arm_1,preseries_survey_arm_1,E2018-060,preseries_survey_arm_1E2018-060,I am able to screen and treat patients with Hep C using evidence-based research.,0,Yes,Yes,1
276,postseries_survey_arm_1,preseries_survey_arm_1,E2018-061,preseries_survey_arm_1E2018-061,I have my quality team gathering patient positive hepatitis C tests over the past 2 years and will be doing chart review to see if they have been treated or completed a work-up for treatment. We will bring these patients back to the office for complete work-up to see if they are candidates for treatment. I have the knowledge to complete the work-up and start treatment if able. Other providers will be able to refer their positive Hep C patients to me for treatment in the future.,0,Yes,Yes,1
277,postseries_survey_arm_1,preseries_survey_arm_1,E2017-035,preseries_survey_arm_1E2017-035,Will start working towards Hep C treatment for my patients. ,0,Yes,Yes,1
278,postseries_survey_arm_1,preseries_survey_arm_1,R2018-058,preseries_survey_arm_1R2018-058,"more work into diagnosis, more resources online, easier naviagtion through prior auths, more knowledge and comfort in talking to patients",0,No,No,-1
279,postseries_survey_arm_1,preseries_survey_arm_1,E2018-078,preseries_survey_arm_1E2018-078,I feel better prepared to diagnose and management patient's with hepatitis C.,0,No,No,-1
280,postseries_survey_arm_1,preseries_survey_arm_1,E2018-007,preseries_survey_arm_1E2018-007,I will treat patients with Hep C instead of automatically sending them to the GI specialist.,0,Yes,Uncertain,1
281,postseries_survey_arm_1,preseries_survey_arm_1,E2018-059,preseries_survey_arm_1E2018-059,I will prescribe treatment,0,No,Uncertain,-1
282,postseries_survey_arm_1,preseries_survey_arm_1,E2018-077,preseries_survey_arm_1E2018-077,Improved screening for HepC  ,0,Yes,Yes,1
285,postseries_survey_arm_1,preseries_survey_arm_1,E2018-099,preseries_survey_arm_1E2018-099,I have more knowledge and understanding of help and I know who to contact if I have a question that my colleagues can't answer. ,0,No,No,-1
286,postseries_survey_arm_1,preseries_survey_arm_1,E2018-092,preseries_survey_arm_1E2018-092,I have started teaching other providers about work-up for Hepatitis C management and have started to feel comfortable ordering follow up management for later stage liver disease,0,Yes,Yes,1
287,postseries_survey_arm_1,preseries_survey_arm_1,E2018-121,preseries_survey_arm_1E2018-121,greater confidence in treatment of Hep C,0,No,Uncertain,-1
288,postseries_survey_arm_1,preseries_survey_arm_1,E2018-125,preseries_survey_arm_1E2018-125,I am able to assess patients with HCV and provide options for treatment and access,0,Yes,Uncertain,1
289,postseries_survey_arm_1,preseries_survey_arm_1,E2013-011,preseries_survey_arm_1E2013-011,We had expanded the EIS team to help with care coordination for hep C patients.,0,Yes,Yes,1
290,postseries_survey_arm_1,preseries_survey_arm_1,E2018-133,preseries_survey_arm_1E2018-133,Started HCV treatment,0,Yes,Yes,1
291,postseries_survey_arm_1,preseries_survey_arm_1,E2018-124,preseries_survey_arm_1E2018-124,better at care for pt with hep c ,0,Yes,Yes,1
294,postseries_survey_arm_1,preseries_survey_arm_1,E2018-149,preseries_survey_arm_1E2018-149,we have a clear guideline for screening at risk patients,0,Yes,Yes,1
295,postseries_survey_arm_1,preseries_survey_arm_1,E2018-150,preseries_survey_arm_1E2018-150,"None yest, but I plan on treating any patient who ahs hep C instead of referring. ",0,No,No,-1
297,postseries_survey_arm_1,preseries_survey_arm_1,E2018-185,preseries_survey_arm_1E2018-185,I screen better for Hep C,0,Yes,Yes,1
298,postseries_survey_arm_1,preseries_survey_arm_1,E2018-191,preseries_survey_arm_1E2018-191,Definitely increased screening awareness,0,Yes,Yes,1
299,postseries_survey_arm_1,preseries_survey_arm_1,E2018-101,preseries_survey_arm_1E2018-101,All pts with risk factors are screened for hep c,0,Yes,Yes,1
300,postseries_survey_arm_1,preseries_survey_arm_1,E2018-192,preseries_survey_arm_1E2018-192,"hepc screening thus far, no one has come back positive yet to implement treatment/medication obtainment. ",0,Yes,Yes,1
301,postseries_survey_arm_1,preseries_survey_arm_1,E2018-207,preseries_survey_arm_1E2018-207,Treating more hep c patients ,0,Yes,Yes,1
302,postseries_survey_arm_1,preseries_survey_arm_1,E2018-206,preseries_survey_arm_1E2018-206,I have increased the # of people I screen,0,Yes,Yes,1
303,postseries_survey_arm_1,preseries_survey_arm_1,E2018-184,preseries_survey_arm_1E2018-184,I think they covered all major points. ,0,No,Uncertain,-1
304,postseries_survey_arm_1,preseries_survey_arm_1,E2018-217,preseries_survey_arm_1E2018-217,I now screen patient other than baby boomers. I look at other risk factors now. ,0,Yes,Yes,1
305,postseries_survey_arm_1,preseries_survey_arm_1,E2018-144,preseries_survey_arm_1E2018-144,Will start to treat patients with Hep C. ,0,No,No,-1
306,postseries_survey_arm_1,preseries_survey_arm_1,E2018-239,preseries_survey_arm_1E2018-239,I will now start to treat Hepatitis C patients,0,No,No,-1
308,postseries_survey_arm_1,preseries_survey_arm_1,E2018-246,preseries_survey_arm_1E2018-246,trying to treat,0,No,No,-1
309,postseries_survey_arm_1,preseries_survey_arm_1,E2018-284,preseries_survey_arm_1E2018-284,Incorporated HCV treatment into my clinical rotation at an FQHC ,0,Yes,Yes,1
310,postseries_survey_arm_1,preseries_survey_arm_1,E2013-001,preseries_survey_arm_1E2013-001,"More Hep C screening, will treat when active Hep C found, will let clinic colleagues know they can send their Hep C patients to me for treatment",0,Yes,Yes,1
311,postseries_survey_arm_1,preseries_survey_arm_1,E2018-282,preseries_survey_arm_1E2018-282,Screening for HCV,0,Yes,Yes,1
312,postseries_survey_arm_1,preseries_survey_arm_1,E2018-283,preseries_survey_arm_1E2018-283,We got in contact with one of the speciality pharmacies at our clinic and will be partnering with them to serve our clinic.  I also have improved my ability to confidently treat hepatitis C patients,0,Yes,Yes,1
313,postseries_survey_arm_1,preseries_survey_arm_1,E2018-279,preseries_survey_arm_1E2018-279,"I will be more ready to screen, evaluate and treat patients for hepatitis C.  Previously, I might screen some selected patients without as much of an understanding of the natural history of the disease and refer them to a specialist for management when positive.  ",0,Yes,Yes,1
314,postseries_survey_arm_1,preseries_survey_arm_1,E2018-281,preseries_survey_arm_1E2018-281,screen all relevant patients for hep C,0,Yes,Yes,1
316,postseries_survey_arm_1,preseries_survey_arm_1,E2018-193,preseries_survey_arm_1E2018-193,N/a,0,No,No,-1
317,postseries_survey_arm_1,preseries_survey_arm_1,E2017-182,preseries_survey_arm_1E2017-182,N/A- I'm still recovering from ARDS... an exciting experience! ,0,No,No,-1
319,postseries_survey_arm_1,preseries_survey_arm_1,E2019-043,preseries_survey_arm_1E2019-043,More knowledge and confidence in treating hep c and determining whether cirrhosis is present ,0,No,Uncertain,-1
320,postseries_survey_arm_1,preseries_survey_arm_1,E2019-047,preseries_survey_arm_1E2019-047,Will be a provider who will treat HCV now,0,No,No,-1
321,postseries_survey_arm_1,preseries_survey_arm_1,E2019-045,preseries_survey_arm_1E2019-045,Trying to get patients in for treatment. ,0,No,No,-1
322,postseries_survey_arm_1,preseries_survey_arm_1,E2018-073,preseries_survey_arm_1E2018-073,"Screening more patients for HCV, knowing what labs/tests to order when I have a +HCV result",0,Yes,Yes,1
323,postseries_survey_arm_1,preseries_survey_arm_1,E2017-172,preseries_survey_arm_1E2017-172,Comfort level with steps to initiate treatment for patients who screen positive for hepatitis C.,0,No,No,-1
324,postseries_survey_arm_1,preseries_survey_arm_1,E2019-160,preseries_survey_arm_1E2019-160,n/a,0,No,No,-1
325,postseries_survey_arm_1,preseries_survey_arm_1,E2019-162,preseries_survey_arm_1E2019-162,NS5A testing no longer needed for most treatments. One less test needed for majority of patients.,0,Yes,Yes,1
328,postseries_survey_arm_1,preseries_survey_arm_1,E2018-058,preseries_survey_arm_1E2018-058,Improved ordering of labs,0,Yes,Yes,1
329,postseries_survey_arm_1,preseries_survey_arm_1,E2019-161,preseries_survey_arm_1E2019-161,I am now able to prescribe medications for treatment of hepatitis c. ,0,No,Uncertain,-1
330,postseries_survey_arm_1,preseries_survey_arm_1,E2019-164,preseries_survey_arm_1E2019-164,"Better understanding of drug interactions, navigating approval by insurance companies",0,No,Uncertain,-1
331,postseries_survey_arm_1,preseries_survey_arm_1,E2019-171,preseries_survey_arm_1E2019-171,"Will continue Hep C screening, but will now counsel and treat more.",0,Yes,Yes,1
332,postseries_survey_arm_1,preseries_survey_arm_1,E2017-140,preseries_survey_arm_1E2017-140,I will be less reliant on using an infectious disease referral for patients with Hep C in the future. ,0,No,No,-1
333,postseries_survey_arm_1,preseries_survey_arm_1,E2019-172,preseries_survey_arm_1E2019-172,Patient counseling. Interaction with providers ,0,No,Uncertain,-1
334,postseries_survey_arm_1,preseries_survey_arm_1,E2018-159,preseries_survey_arm_1E2018-159,"I am new to treating hep C, but have learned the importance of a fibrosis score in a region where we have quite limited access to elastography.",0,No,Uncertain,-1
335,postseries_survey_arm_1,preseries_survey_arm_1,E2019-173,preseries_survey_arm_1E2019-173,I am more comfortable with identifying people who should be screened for hepatitis C.,0,No,Uncertain,-1
336,postseries_survey_arm_1,preseries_survey_arm_1,E2019-127,preseries_survey_arm_1E2019-127,screening more and fibroscan more,0,Yes,Yes,1
337,postseries_survey_arm_1,preseries_survey_arm_1,E2019-175,preseries_survey_arm_1E2019-175,Identify patients that need to be screened for hepatitis C that I didn't know before,0,Yes,Yes,1
338,postseries_survey_arm_1,preseries_survey_arm_1,E2019-177,preseries_survey_arm_1E2019-177,To be able to start evaluation of patients with Hepatitis C and initiate treatment,0,Yes,Uncertain,1
339,postseries_survey_arm_1,preseries_survey_arm_1,E2019-175,preseries_survey_arm_1E2019-175,taken on more responsibility for Hep C management rather than immediately referring.,0,Yes,Yes,1
340,postseries_survey_arm_1,preseries_survey_arm_1,E2019-176,preseries_survey_arm_1E2019-176,I will begin treating HCV at my clinic.  ,0,No,No,-1
341,postseries_survey_arm_1,preseries_survey_arm_1,E2019-277,preseries_survey_arm_1E2019-277,Will adapt prior authorization procedures.,0,No,Yes,-1
342,postseries_survey_arm_1,preseries_survey_arm_1,E2019-220,preseries_survey_arm_1E2019-220,I will feel more confident initiating treatment without ID consult.,0,No,Uncertain,-1
343,postseries_survey_arm_1,preseries_survey_arm_1,E2019-276,preseries_survey_arm_1E2019-276,"I am working with another FQHC doctor in my community to increase education to other providers, and in my clinic am working to streamline the treatment process (and keep track of everything) with some systems changes we learned about in Echo",0,Yes,Yes,1
344,postseries_survey_arm_1,preseries_survey_arm_1,E2019-271,preseries_survey_arm_1E2019-271,There is a specific hep c screening tool,0,Yes,Yes,1
345,postseries_survey_arm_1,preseries_survey_arm_1,E2019-081,preseries_survey_arm_1E2019-081,none at this time,0,No,No,-1
347,postseries_survey_arm_1,preseries_survey_arm_1,E2019-273,preseries_survey_arm_1E2019-273,more focus on social issues,0,Yes,Uncertain,1
348,postseries_survey_arm_1,preseries_survey_arm_1,E2019-268,preseries_survey_arm_1E2019-268,"I feel much more comfortable treating Hep C, will stop automatically getting mid-treatment viral load",0,No,Uncertain,-1
349,postseries_survey_arm_1,preseries_survey_arm_1,E2019-267,preseries_survey_arm_1E2019-267,Will be treating hep C moving forward,0,No,No,-1
350,postseries_survey_arm_1,preseries_survey_arm_1,E2019-269,preseries_survey_arm_1E2019-269,"I will start treating my first HCV patient this coming month, I feel much more competent and prepared now that I been in this series. Looking forwarding to learning more through experience. ",0,No,No,-1
351,postseries_survey_arm_1,preseries_survey_arm_1,E2019-272,preseries_survey_arm_1E2019-272,using resources provided in the series,0,Yes,Yes,1
352,postseries_survey_arm_1,preseries_survey_arm_1,E2017-012,preseries_survey_arm_1E2017-012,feel more prepared to handle new Hep C cases that will come to me from previous provider.,0,No,No,-1
354,postseries_survey_arm_1,preseries_survey_arm_1,E2020-011,preseries_survey_arm_1E2020-011,improved ability to treat hepatitis C,0,Yes,Uncertain,1
355,postseries_survey_arm_1,preseries_survey_arm_1,E2020-012,preseries_survey_arm_1E2020-012,Be more aggressive to start treatment of Hep C,0,Yes,Yes,1
357,postseries_survey_arm_1,preseries_survey_arm_1,E2018-070,preseries_survey_arm_1E2018-070,i am actively treating my first hep c patient,0,Yes,Yes,1
359,postseries_survey_arm_1,preseries_survey_arm_1,E2018-275,preseries_survey_arm_1E2018-275,none yet,0,No,No,-1
360,postseries_survey_arm_1,preseries_survey_arm_1,E2020-166,preseries_survey_arm_1E2020-166,Ready to treat more patients! ,0,No,No,-1
361,postseries_survey_arm_1,preseries_survey_arm_1,E2020-165,preseries_survey_arm_1E2020-165,More confident in treating Hep C patients,0,No,Uncertain,-1
362,postseries_survey_arm_1,preseries_survey_arm_1,E2020-173,preseries_survey_arm_1E2020-173,Screening everyone for HCV and what to do with that result. Managing co-infection.,0,Yes,Yes,1
363,postseries_survey_arm_1,preseries_survey_arm_1,E2020-169,preseries_survey_arm_1E2020-169,"increased screening and workup for hepatitis c, more familiar with s/e of meds, how to go about care/tx",0,Yes,Yes,1
364,postseries_survey_arm_1,preseries_survey_arm_1,E2020-168,preseries_survey_arm_1E2020-168,More collaboration with Hepatitis C experts in my panel of patients with substance use disorder,0,Yes,Yes,1
365,postseries_survey_arm_1,preseries_survey_arm_1,E2019-285,preseries_survey_arm_1E2019-285,,0,No,No,-1
366,postseries_survey_arm_1,preseries_survey_arm_1,E2018-102,preseries_survey_arm_1E2018-102,Taking on role of primary hep c providrs for patients,0,Yes,Yes,1
368,postseries_survey_arm_1,preseries_survey_arm_1,E2020-170,preseries_survey_arm_1E2020-170,I feel more comfortable w/ dx and tx of hep C. I feel that I do not need to refer automatically to specialist,0,No,Uncertain,-1
369,postseries_survey_arm_1,preseries_survey_arm_1,E2018-107,preseries_survey_arm_1E2018-107,"Increased use screening for all, considering how to screening higher risk patients. Considering how histories of complex trauma and incarceration create barriers for engagement in healthcare system.",0,Yes,Yes,1
370,postseries_survey_arm_1,preseries_survey_arm_1,E2020-171,preseries_survey_arm_1E2020-171,I have improved my testing capability. I however do not feel confident and would like another round of the series if possible,0,Yes,Yes,1
372,postseries_survey_arm_1,preseries_survey_arm_1,E2020-183,preseries_survey_arm_1E2020-183,Improved management ,0,Yes,Uncertain,1
373,postseries_survey_arm_1,preseries_survey_arm_1,E2020-049,preseries_survey_arm_1E2020-049,Really expanded my understanding of Hep C treatment. Also I now have people to reach out to now with any questions about Hep C patients. ,0,No,No,-1
374,postseries_survey_arm_1,preseries_survey_arm_1,E2020-182,preseries_survey_arm_1E2020-182,More screening. Discussing my clinics ability to treat hepatitis C patients. ,0,Yes,Yes,1
375,postseries_survey_arm_1,preseries_survey_arm_1,E2020-198,preseries_survey_arm_1E2020-198,I have started to see patients with hepatitis C now,0,Yes,Yes,1